{"cameraMode":{"drawMode":0,"name":"Shaded","section":"Shading Mode"},"sceneLighting":false,"audioPlay":false,"sceneViewState":{"showFog":true,"showMaterialUpdate":false,"showSkybox":true,"showFlares":true,"showImageEffects":true,"showParticleSystems":true,"showVisualEffectGraphs":true,"m_FxEnabled":true},"in2DMode":false,"pivot":{"x":270.250732421875,"y":2.284580707550049,"z":191.81613159179688},"rotation":{"x":-0.008406714536249638,"y":0.9721750020980835,"z":-0.035314787179231647,"w":-0.23142485320568086},"size":3.2780041694641115,"orthographic":false}